data_structure,mean,median,stdev,count
BWT-HMM,313.74634146341464,317,5.458117695734291,41
BWT-HMM-Merging,313.4926829268293,316.7,5.501971930312913,41
Kmer Index,313.62,316.75,5.395781828286011,40
MLSE-Viterbi,313.85853658536587,317.1,5.494814628800324,41
