data_structure,mean,median,stdev,count
BWT-HMM,316.924,317,0.351520506751261,25
BWT-HMM-Merging,305.896,305.5,2.1178762947821097,25
MLSE-Viterbi,317.576,317.6,0.30994623189621773,25
