data_structure,mean,median,stdev,count
BWT-HMM,29.49294973373413,28.38691115379333,7.644635736231501,25
BWT-HMM-Merging,1.1842920207977294,1.1752374172210691,0.04456115316291303,25
Kmer-Index,0.37303371429443355,0.3632235527038574,0.043061038887039195,25
MLSE-Viterbi,0.4520275592803955,0.4396741390228271,0.030773329299296145,25
