data_structure,mean,median,stdev,count
BWT-HMM,6.675615997314453,6.706729888916016,0.2181368325827884,25
BWT-HMM-Merging,1.1363544368743896,1.1216883659362793,0.061711953472341305,25
MLSE-Viterbi,0.4395730972290039,0.43761706352233887,0.031640631916880865,25
